{
    "alta": {
        "precision": 0.0,
        "recall": 0.0,
        "f1-score": 0.0,
        "support": 1.0
    },
    "baja": {
        "precision": 0.3333333333333333,
        "recall": 0.6666666666666666,
        "f1-score": 0.4444444444444444,
        "support": 3.0
    },
    "media": {
        "precision": 1.0,
        "recall": 0.5,
        "f1-score": 0.6666666666666666,
        "support": 2.0
    },
    "sin_compra": {
        "precision": 0.9814814814814815,
        "recall": 0.9636363636363636,
        "f1-score": 0.9724770642201835,
        "support": 55.0
    },
    "accuracy": 0.9180327868852459,
    "macro avg": {
        "precision": 0.5787037037037037,
        "recall": 0.5325757575757575,
        "f1-score": 0.5208970438328236,
        "support": 61.0
    },
    "weighted avg": {
        "precision": 0.9341226472374013,
        "recall": 0.9180327868852459,
        "f1-score": 0.9205394294881436,
        "support": 61.0
    }
}